{"cameraMode":{"drawMode":0,"name":"Shaded","section":"Shading Mode"},"sceneLighting":true,"audioPlay":false,"sceneViewState":{"m_AlwaysRefresh":true,"showFog":false,"showSkybox":true,"showFlares":true,"showImageEffects":true,"showParticleSystems":true,"showVisualEffectGraphs":true,"m_FxEnabled":true},"in2DMode":false,"pivot":{"x":0.0709075927734375,"y":1.3186928033828736,"z":1.4527109861373902},"rotation":{"x":-0.038144584745168689,"y":0.9195834398269653,"z":-0.09281356632709503,"w":-0.3802591562271118},"size":0.9247450232505798,"orthographic":false}