{"cameraMode":{"drawMode":0,"name":"Shaded","section":"Shading Mode"},"sceneLighting":true,"audioPlay":false,"sceneViewState":{"m_AlwaysRefresh":true,"showFog":false,"showSkybox":true,"showFlares":true,"showImageEffects":true,"showParticleSystems":true,"showVisualEffectGraphs":true,"m_FxEnabled":true},"in2DMode":false,"pivot":{"x":-5.640349864959717,"y":-14.656919479370118,"z":19.608318328857423},"rotation":{"x":0.31180331110954287,"y":-0.14482493698596955,"z":0.04839441552758217,"w":0.9378697276115418},"size":14.484457015991211,"orthographic":false}