{"cameraMode":{"drawMode":0,"name":"Shaded","section":"Shading Mode"},"sceneLighting":true,"audioPlay":false,"sceneViewState":{"m_AlwaysRefresh":true,"showFog":false,"showSkybox":true,"showFlares":true,"showImageEffects":true,"showParticleSystems":true,"showVisualEffectGraphs":true,"m_FxEnabled":true},"in2DMode":false,"pivot":{"x":-5.844738006591797,"y":-0.198787122964859,"z":26.522226333618165},"rotation":{"x":0.14064481854438783,"y":-0.13642966747283936,"z":0.019766153767704965,"w":0.9804837703704834},"size":14.484457015991211,"orthographic":false}